Project Name,Location,Square Feet,Flat Type,Property Type,Price,Possession Status,Amenities
Unison Padmavathi Flora,Padmarao Nagar,680,2 BHK,,₹ 18 L,,
Prestige High Fields,Gachibowli,1492,5 BHK,apartment,₹ 1.84 Cr,Ready To Move,"Gated Society, Prime Location, Family"
Pragathis Raghupathi County,Bachupally,1265,2 BHK,apartment,₹ 89 L,Ready To Move,"Gated Society, Safe & Secure Locality, Affordable, Family"
Prestige Tranquil,Kokapet,2049,5 BHK,,₹ 2.1 Cr,Ready To Move,Prime Location
EIPL Corner Stone,Gandipet,2065,3 BHK,apartment,₹ 1.9 Cr,Ready To Move,"Gated Society, Affordable, Family"
Sunrise Balaji Avenue,Peerzadiguda,1501,3 BHK,,₹ 88 L,,"Gated Society, Safe & Secure Locality, Affordable, Family"
Aparna One,Shaikpet,2876,3 BHK,apartment,₹ 4.8 Cr,Ready To Move,
Tricolour Palm Cove,Uppal,1636,3 BHK,,₹ 1 Cr,Ready To Move,"Gated Society, Affordable, Family"
Urbanrise On Cloud,Bachupally,1110,332 BHK,,₹ 90 L,Under Construction,"Prime Location, Gated Society"
Sree Chaitanya Urban Abode,Ramachandra Puram,1370,2 BHK,,₹ 78.76 L,Under Construction,Prime Location
My Home Abhra,Madhapur,4770,4 BHK,apartment,₹ 7.4 Cr,Ready To Move,
Bollineni Bion,Kothaguda,2290,3 BHK,apartment,₹ 2.92 Cr,Ready To Move,"Gated Society, Affordable, Family"
Sri The Marquise,Kokapet,5185,4 BHK,apartment,₹ 4 Cr,Under Construction,Prime Location
Raghava Iris,Gachibowli,5430,4 BHK,,₹ 7.33 Cr,Under Construction,Prime Location
RNG Westend,Pragathi Nagar,1530,3 BHK,apartment,₹ 98 L,Ready To Move,"Gated Society, Safe & Secure Locality, Affordable, Family"
Aditya Imperial Heights,Hafeezpet,2000,3 BHK,,₹ 1.9 Cr,Ready To Move,Safe & Secure Locality
Vaibhavi Vihaan Shikhara,Tellapur,1450,3 BHK,apartment,₹ 95.68 L,Under Construction,Prime Location
Prestige Clairemont,Kokapet,2003,3 BHK,,₹ 2.18 Cr,Under Construction,Prime Location
Prestige Vaishnaoi Rainbow Waters,Rai Durg,4955,4 BHK,apartment,₹ 5.54 Cr,Under Construction,Prime Location
Hallmark Treasor,Narsingi,1765,3 BHK,apartment,₹ 1.63 Cr,Ready To Move,Prime Location
IRA Miracle,Kollur,1655,3 BHK,,₹ 99.3 L,Under Construction,Prime Location
DSR Sky Marq,Puppalaguda,4999,4 BHK,apartment,₹ 4.39 Cr,Under Construction,Prime Location
Navanaami Megaleio,Peerancheruv,8888,4 BHK,apartment,₹ 10.66 Cr,Under Construction,Prime Location
Urbanrise The World of Joy,Miyapur,1348,2 BHK,apartment,₹ 89.31 L,Under Construction,Prime Location
Western Marina,Puppalaguda,5751,4 BHK,apartment,₹ 6.04 Cr,Under Construction,Prime Location
Adhya Residency,Pragathi Nagar,1050,2 BHK,apartment,₹ 58 L,Ready To Move,
Raheja Vistas,Nacharam,1715,3 BHK,apartment,₹ 1.35 Cr,Ready To Move,"Gated Society, Safe & Secure Locality, Affordable, Family"
Good Time Shreevatsavam,Isnapur,1000,2 BHK,apartment,₹ 49 L,Under Construction,Safe & Secure Locality
My Home Tridasa,Tellapur,1505,5 BHK,apartment,₹ 1.52 Cr,Ready To Move,"Gated Society, Affordable, Family"
Prestige Tranquil,Kokapet,2048,3 BHK,apartment,₹ 2.4 Cr,Ready To Move,"Gated Society, Safe & Secure Locality, Affordable, Family"
Rajapushpa Provincia,Narsingi,2020,3 BHK,,₹ 2.24 Cr,Ready To Move,"Gated Society, Affordable, Family"
Bhanodayas Crystal,Gundlapochampalli,1320,2 BHK,apartment,₹ 68.62 L,Under Construction,Prime Location
Bhanodayas Crystal,Gundlapochampalli,1320,2 BHK,apartment,₹ 68.62 L,Under Construction,Prime Location
IRA Aspiration,Kollur,1295,2 BHK,apartment,₹ 77.7 L,Ready To Move,Prime Location
IRA M,Kollur,1105,32 BHK,apartment,₹ 66.3 L,Under Construction,Gated Society
Sri Fortune Sonthalia Sky Villas,Kokapet,6333,4 BHK,,₹ 7.59 Cr,,"Prime Location, Gated Society"
Sumadhura Palais Royale,Puppalaguda,6550,4 BHK,,₹ 7.86 Cr,Under Construction,
Prestige Beverly Hills,Kokapet,2124,3 BHK,,₹ 1.79 Cr,Under Construction,Prime Location
Western Springs,Puppalaguda,2185,3 BHK,,₹ 2.07 Cr,Under Construction,Prime Location
GHR Callisto,Kollur,1195,2 BHK,apartment,₹ 83.65 L,Under Construction,Prime Location
The Prestige City Bellagio,Rajendra Nagar,1534,2 BHK,apartment,₹ 2 Cr,Under Construction,Prime Location
Ramky One Galaxia Phase,Nallagandla,1270,22 BHK,apartment,₹ 1.3 Cr,Ready To Move,
ASBL Spectra,Financial District,2220,3 BHK,,₹ 2.2 Cr,Under Construction,"Prime Location, Family"
DS Nivas,Nizampet,1180,2 BHK,apartment,₹ 58 L,Ready To Move,"Gated Society, Prime Location"
INDIS Viva City,Kondapur,1433,2 BHK,apartment,₹ 1.32 Cr,Ready To Move,"Gated Society, Prime Location, Family"
My Home Tridasa,Tellapur,1840,3 BHK,apartment,₹ 1.85 Cr,Ready To Move,Family
RK Oxygen Valley,Mallampet,1920,3 BHK,,₹ 1.07 Cr,Ready To Move,"Gated Society, Safe & Secure Locality, Affordable, Family"
Honer Aquantis,Gopanpally,1785,3 BHK,apartment,₹ 1.72 Cr,Ready To Move,"Gated Society, Safe & Secure Locality, Affordable, Family"
Risinia Skyon,Bachupally,1388,2 BHK,,₹ 88 L,Ready To Move,"Gated Society, Safe & Secure Locality, Family"
Accurate Wind Chimes,Gachibowli,1700,3 BHK,,₹ 1.42 Cr,Ready To Move,"Prime Location, Safe & Secure Locality, Gated Society, Family"
Tahani Enclave,Hakimpet,900,2 BHK,apartment,₹ 32 L,Ready To Move,Affordable
Shreeda Homes,Peerzadiguda,800,2 BHK,apartment,₹ 35 L,Ready To Move,Family
MY Home Rainbow,Tolichowki,1183,2 BHK,apartment,₹ 83 L,Ready To Move,"Safe & Secure Locality, Affordable, Gated Society"
PMR Agarta,Kompally,3274,5 BHK,,₹ 3 Cr,Under Construction,"Safe & Secure Locality, Gated Society, Family"
Lansum El Dorado,Narsingi,1540,3 BHK,apartment,₹ 1.42 Cr,Ready To Move,"Gated Society, Affordable"
Prestige Tranquil,Kokapet,1390,5 BHK,,₹ 1.6 Cr,Ready To Move,"Gated Society, Affordable, Family"
Aurobindo The Regent,Serilingampally,1497,3 BHK,apartment,₹ 1.49 Cr,Ready To Move,
Pacifica Hillcrest Phase,Gachibowli,787,22 BHK,apartment,₹ 81.06 L,Under Construction,Prime Location
Urbanrise On Cloud,Bachupally,1110,332 BHK,apartment,₹ 77.7 L,Under Construction,Prime Location
Vasavi Solitaire Heights,Ameerpet,1761,3 BHK,apartment,₹ 1.85 Cr,Ready To Move,"Prime Location, Gated Society"
Sri Sai Residency Dammaiguda,Dammaiguda,940,2 BHK,,₹ 35 L,Ready To Move,Prime Location
Sumadhura Horizon,Kondapur,2000,3 BHK,apartment,₹ 2.25 Cr,Ready To Move,Safe & Secure Locality
Lodha Bellezza Sky Villas,Kukatpally,3400,3 BHK,apartment,₹ 4.4 Cr,Ready To Move,"Gated Society, Family"
Manjeera Trinity Homes,Kukatpally,2103,3 BHK,apartment,₹ 2.10 Cr,Ready To Move,Family
Rajasekhar Residency,Nizampet,1165,2 BHK,apartment,₹ 69 L,Ready To Move,"Safe & Secure Locality, Family"
Rajapushpa Provincia,Narsingi,2020,3 BHK,apartment,₹ 2.16 Cr,Under Construction,"Gated Society, Affordable, Family"
Sumadhura Acropolis,Gachibowli,1925,3 BHK,,₹ 2.5 Cr,,"Gated Society, Affordable, Family"
Hallmark Treasor,Gandipet,2540,4 BHK,,₹ 2.28 Cr,Ready To Move,
Raghava Wave,Tellapur,1680,3 BHK,apartment,₹ 1.20 Cr,Under Construction,"Safe & Secure Locality, Affordable"
Raghava Wave,Tellapur,1660,3 BHK,,₹ 1.21 Cr,Under Construction,Prime Location
The Prestige City Bellagio,Rajendra Nagar,1534,2 BHK,apartment,₹ 1.16 Cr,Ready To Move,Prime Location
Niharika Skyline,Khajaguda,2105,3 BHK,apartment,₹ 2.52 Cr,Ready To Move,"Gated Society, Prime Location"
Urbanrise Spring Is In The Air,Ameenpur,918,2 BHK,,₹ 68 L,Ready To Move,"Prime Location, Family"
Garuda Grandeur,Bowrampet,1502,3 BHK,apartment,₹ 93 L,,Family
Canny Aravindam,Bowrampet,1285,2 BHK,apartment,₹ 70 L,Under Construction,"Gated Society, Safe & Secure Locality, Family"
Prestige High Fields,Gachibowli,2713,4 BHK,apartment,₹ 3.30 Cr,Ready To Move,"Prime Location, Gated Society, Family"
EIPL Corner Stone,Gandipet,1410,5 BHK,apartment,₹ 1.47 Cr,Ready To Move,"Prime Location, Affordable"
BRC Sri Hemadurga Sivahills,Manikonda,1080,2 BHK,apartment,₹ 1.09 Cr,Ready To Move,"Prime Location, Gated Society, Affordable, Family"
Avantika The Espino,Chanda Nagar,1248,2 BHK,,₹ 85 L,Ready To Move,"Gated Society, Affordable"
DSR W,Kondapur,5999,4 BHK,apartment,₹ 7.2 Cr,Ready To Move,"Prime Location, Family"
Siri Towers Bachupally,Bachupally,1412,3 BHK,apartment,₹ 70 L,Ready To Move,"Affordable, Family"
Lanco Hills Apartments,Manikonda,2785,3 BHK,apartment,₹ 2.7 Cr,Ready To Move,"Prime Location, Gated Society, Safe & Secure Locality, Family"
Lansum Etania,Gachibowli,2450,3 BHK,apartment,₹ 3.1 Cr,Ready To Move,"Prime Location, Family"
Niharika Skyline,Khajaguda,2105,3 BHK,apartment,₹ 2.48 Cr,Ready To Move,"Affordable, Family"
RNP,Kondapur,1510,13 BHK,apartment,₹ 1.32 Cr,Under Construction,"Prime Location, Gated Society, Affordable"
VB City,Bolarum,842,2 BHK,apartment,₹ 56 L,Ready To Move,
Technopolis Solitaire Unity,Hafeezpet,1715,3 BHK,apartment,₹ 1.65 Cr,Ready To Move,Affordable
Candeur Twins,Miyapur,1590,3 BHK,apartment,₹ 1.4 Cr,Under Construction,"Prime Location, Gated Society, Family"
Namitha,Kothaguda,2427,3 BHK,,₹ 2.2 Cr,Under Construction,"Prime Location, Gated Society, Affordable, Family"
Sumadhuras Gardens By The Brook,Shamshabad,1625,3 BHK,apartment,₹ 1.23 Cr,Under Construction,"Gated Society, Prime Location, Gated Society, Prime Location"
Lanco Hills Apartments,Manikonda,2765,3 BHK,,₹ 2.54 Cr,Ready To Move,Safe & Secure Locality
Prestige High Fields,Gachibowli,1283,2 BHK,,₹ 1.75 Cr,Ready To Move,Family
EIPL Corner Stone,Gandipet,2065,3 BHK,apartment,₹ 1.9 Cr,Ready To Move,"Gated Society, Affordable, Family"
Oak Springs,Kondapur,1510,3 BHK,,₹ 1.1 Cr,Ready To Move,"Prime Location, Affordable, Family"
Rajapushpa Provincia,Narsingi,1370,2 BHK,,₹ 1.4 Cr,Under Construction,Family
My Home Vihanga,Gachibowli,1275,2 BHK,,₹ 1.6 Cr,Ready To Move,"Prime Location, Gated Society, Safe & Secure Locality"
Ambience Courtyard,Manikonda,1340,5 BHK,apartment,₹ 1.26 Cr,Ready To Move,Prime Location
Team,Miyapur,1200,2 BHK,,₹ 91.5 L,Under Construction,"Gated Society, Prime Location"
SMR Vinay Iconia Hyderabad,Kondapur,1400,2 BHK,,₹ 1.15 Cr,Ready To Move,"Prime Location, Family"
Modi Elegance,Kukatpally,1003,2 BHK,,₹ 49.99 L,Ready To Move,
Aditya Empress Heights,Shaikpet,1388,2 BHK,apartment,₹ 1.2 Cr,Ready To Move,"Safe & Secure Locality, Family"
Aparna Sarovar Zicon,Nallagandla,798,2 BHK,apartment,₹ 1.4 Cr,Ready To Move,"Prime Location, Affordable"
My Home Bhooja,Hi Tech City,2595,3 BHK,,₹ 5.7 Cr,Ready To Move,"Prime Location, Safe & Secure Locality, Family"
Sai Balaji Residency Nizampet,Nizampet,1100,2 BHK,,₹ 89 L,Ready To Move,"Prime Location, Safe & Secure Locality"
Vasu Sri Pride,Dundigal,1175,2 BHK,apartment,₹ 58.9 L,Ready To Move,Safe & Secure Locality
Shivantha Gardenia,Isnapur,895,2 BHK,apartment,₹ 43 L,Under Construction,
NCC Urban Gardenia,Gachibowli,3448,4 BHK,apartment,₹ 4.72 Cr,,"Prime Location, Gated Society, Safe & Secure Locality, Family"
My Home Navadweepa,Madhapur,1250,2 BHK,,₹ 1.7 Cr,Ready To Move,"Prime Location, Gated Society"
NCC Urban One,Narsingi,2630,3 BHK,apartment,₹ 2.45 Cr,Ready To Move,"Prime Location, Gated Society, Safe & Secure Locality"
Vasavi Atlantis,Narsingi,3330,5 BHK,,₹ 2.73 Cr,Ready To Move,Safe & Secure Locality
Team,Miyapur,1330,5 BHK,apartment,₹ 93.1 L,Ready To Move,Safe & Secure Locality
TMSR Skyler,Bachupally,1330,5 BHK,apartment,₹ 86.45 L,Ready To Move,Gated Society
GS Infra Setty Yellow Meadows,Dundigal,905,2 BHK,apartment,₹ 44 L,Ready To Move,"Gated Society, Safe & Secure Locality, Affordable"
Lanco Hills Apartments,Manikonda,2765,3 BHK,,₹ 2.8 Cr,Ready To Move,"Affordable, Family"
Alpine GMR Springfield,Turkapally,1058,2 BHK,,₹ 69 L,Ready To Move,"Gated Society, Affordable"
Canny Forest Edge,Bachupally,1285,2 BHK,,₹ 77.5 L,Ready To Move,"Gated Society, Affordable"
Western Springs,Puppalaguda,2377,3 BHK,,₹ 2.37 Cr,Under Construction,"Prime Location, Safe & Secure Locality"
Vasavi Atlantis,Narsingi,2190,3 BHK,,₹ 1.53 Cr,Under Construction,
Sukhii Sree Sumeru,Uppal,1680,3 BHK,apartment,₹ 1.36 Cr,Ready To Move,Prime Location
Sri Aditya Vantage,Manchirevula,8300,4 BHK,,₹ 9.95 Cr,Under Construction,"Prime Location, Gated Society"
SAS Diamond Towers,Financial District,3740,4 BHK,,₹ 3.55 Cr,Under Construction,Prime Location
Ideas Shoba Nath,Annojiguda,1575,3 BHK,apartment,₹ 1.15 Cr,Ready To Move,
Sunshine Destino,Puppalaguda,3025,3 BHK,,₹ 2.41 Cr,Ready To Move,Safe & Secure Locality
Sri Aditya Vantage,Manchirevula,6546,4 BHK,,₹ 8.5 Cr,Under Construction,"Prime Location, Family"
Harihara Sri Sai Anandamai,Uppal,1078,2 BHK,apartment,₹ 59.29 L,Ready To Move,Prime Location
DSR The Classe,Narsingi,3939,4 BHK,apartment,₹ 4.1 Cr,Ready To Move,Affordable
Bollineni Bion,Kothaguda,1965,3 BHK,,₹ 2.5 Cr,Ready To Move,
Aparna Serene Park,Kondapur,2250,3 BHK,,₹ 2.85 Cr,Ready To Move,"Affordable, Family"
Supadha Gamya,Tellapur,2430,3 BHK,,₹ 1.53 Cr,Under Construction,"Gated Society, Prime Location"
Vasavi GP Trends,Nanakramguda,1845,3 BHK,apartment,₹ 1.9 Cr,Ready To Move,"Gated Society, Affordable"
Rajapushpa Infina,Manchirevula,5725,4 BHK,,₹ 4.12 Cr,Under Construction,Prime Location
Pradeep Bliss,Somajiguda,3289,3 BHK,,₹ 5.75 Cr,Ready To Move,"Gated Society, Prime Location, Family"
Myscape Sanctuary,Hafeezpet,1222,2 BHK,apartment,₹ 1.31 Cr,Ready To Move,Prime Location
Garuda Grandeur,Bowrampet,1502,3 BHK,apartment,₹ 85 L,Ready To Move,"Affordable, Safe & Secure Locality"
Garuda Grandeur,Bowrampet,1139,2 BHK,apartment,₹ 66 L,Ready To Move,"Prime Location, Family"
Ark Samyak,Bachupally,1550,3 BHK,apartment,₹ 1.00 Cr,Under Construction,"Prime Location, Safe & Secure Locality, Family"
MCOR Vilaasam,Ameenpur,1100,2 BHK,,₹ 63.8 L,Ready To Move,"Gated Society, Prime Location"
My Home Bhooja,Hi Tech City,2595,3 BHK,apartment,₹ 5.2 Cr,Ready To Move,"Prime Location, Family"
Canny Forest Edge,Bachupally,1285,2 BHK,apartment,₹ 88 L,Under Construction,"Gated Society, Safe & Secure Locality, Family"
Ramky One Orbit,Nallagandla,1180,2 BHK,,₹ 1.02 Cr,Under Construction,"Prime Location, Safe & Secure Locality, Affordable, Family"
Vian One,Kollur,1455,803 BHK,apartment,₹ 72.75 L,Under Construction,"Prime Location, Gated Society"
MCOR Vilaasam,Ameenpur,1500,3 BHK,,₹ 87 L,Ready To Move,Gated Society
My Home Bhooja,Hi Tech City,2680,3 BHK,apartment,₹ 6.99 Cr,Ready To Move,Family
Praneeth Pranav Xperia,Annojiguda,1469,3 BHK,apartment,₹ 67.55 L,Ready To Move,
Sukhii Sree Sumeru,Uppal,2008,3 BHK,,₹ 1.38 Cr,Ready To Move,Prime Location
Western Springs,Puppalaguda,2451,3 BHK,,₹ 2.32 Cr,Under Construction,"Prime Location, Gated Society, Safe & Secure Locality"
Myscape Sanctuary,Hafeezpet,1250,2 BHK,,₹ 1.31 Cr,Ready To Move,Prime Location
Urbanrise The World of Joy,Miyapur,1333,5 BHK,,₹ 1.05 Cr,Under Construction,
Poulomi Avante,Kokapet,1840,3 BHK,apartment,₹ 1.8 Cr,Ready To Move,Family
Srigdhas Rising East,Pocharam,1220,2 BHK,apartment,₹ 60 L,Ready To Move,Family
Sadar Nagar,Sadar Nagar,1700,3 BHK,apartment,₹ 93 L,Ready To Move,
Swapnas Navya Classic,Bachupally,1494,5 BHK,,₹ 74.7 L,Under Construction,"Gated Society, Affordable, Family"
Aspire Spaces Ameya,Miyapur,1940,3 BHK,apartment,₹ 1.22 Cr,Ready To Move,
Aakriti Miro,Nallagandla,1935,3 BHK,,₹ 1.37 Cr,Under Construction,"Gated Society, Family"
Northstar SP Palacio,Abids,4050,4 BHK,apartment,₹ 5.67 Cr,Under Construction,
Rajapushpa Infina,Manchirevula,3080,3 BHK,,₹ 2.67 Cr,Under Construction,"Affordable, Family"
Poulomi Anate,Kokapet,1961,3 BHK,,₹ 1.99 Cr,Ready To Move,"Affordable, Family"
GHR Callisto,Kollur,1430,3 BHK,,₹ 88.64 L,Under Construction,"Affordable, Family"
Aurobindo Kohinoor,Serilingampally,1431,5 BHK,apartment,₹ 1.96 Cr,Ready To Move,Family
Urbanrise On Cloud,Bachupally,1353,333 BHK,,₹ 1.00 Cr,Under Construction,"Affordable, Family"
Anvita High,Kollur,1695,93 BHK,apartment,₹ 1.03 Cr,Under Construction,"Prime Location, Family"
Vision Arsha,Tellapur,1625,3 BHK,apartment,₹ 1.21 Cr,Under Construction,"Prime Location, Affordable, Family"
Chanda Nagar,Chanda Nagar,1595,3 BHK,,₹ 95.7 L,Under Construction,"Safe & Secure Locality, Affordable"
Rajapushpa Infina,Manchirevula,3080,3 BHK,apartment,₹ 2.15 Cr,Under Construction,
Happy Homes Kondapur,Kondapur,2070,3 BHK,apartment,₹ 1.75 Cr,Ready To Move,"Prime Location, Safe & Secure Locality"
IRA Aspiration,Kollur,2195,3 BHK,,₹ 1.20 Cr,Under Construction,"Affordable, Family"
EIPL Apila,Gandipet,2135,3 BHK,apartment,₹ 2.55 Cr,Ready To Move,"Affordable, Family"
Rajapushpa Infina,Manchirevula,3705,3 BHK,apartment,₹ 2.59 Cr,Under Construction,
ASBL Loft,Financial District,1870,3 BHK,,₹ 1.73 Cr,Under Construction,"Prime Location, Gated Society"
RNG Supra Avenue,Bowrampet,1046,2 BHK,apartment,₹ 60 L,Ready To Move,Gated Society
Hallmark Sunnyside,Manchirevula,1250,2 BHK,apartment,₹ 1.1 Cr,Ready To Move,"Prime Location, Gated Society"
Aparna Newlands,Tellapur,1990,3 BHK,,₹ 1.67 Cr,Under Construction,"Affordable, Family"
Aspire Spaces Ameya,Miyapur,1495,2 BHK,,₹ 94.17 L,Ready To Move,
Goldenkey Meraki,Miyapur,1740,3 BHK,apartment,₹ 1.02 Cr,Under Construction,
Marina Skies,Hi Tech City,2340,3 BHK,,₹ 2.6 Cr,Ready To Move,"Prime Location, Gated Society, Affordable, Family"
Sukhii Sree Sumeru,Uppal,1950,3 BHK,apartment,₹ 1.33 Cr,Ready To Move,Prime Location
Urbanrise The World of Joy,Miyapur,1509,3 BHK,apartment,₹ 1.16 Cr,Under Construction,
Vian One,Kollur,1635,803 BHK,,₹ 81.75 L,Under Construction,"Prime Location, Gated Society"
Sukhii Ubuntu,Puppalaguda,1500,3 BHK,,₹ 1.27 Cr,Under Construction,"Affordable, Family"
Western Marina,Puppalaguda,5441,4 BHK,,₹ 5.98 Cr,Under Construction,"Prime Location, Safe & Secure Locality, Affordable"
My Home Tridasa,Tellapur,1840,3 BHK,apartment,₹ 1.8 Cr,Ready To Move,Family
Vasudeva Bloomfield Arcadia,Hafeezpet,1390,2 BHK,,₹ 1.18 Cr,Ready To Move,"Gated Society, Safe & Secure Locality"
Vasavi Lakecity West,Hafeezpet,1495,5 BHK,,₹ 1.18 Cr,Under Construction,"Prime Location, Gated Society"
Aurobindo Kohinoor,Serilingampally,3094,4 BHK,,₹ 4.62 Cr,Ready To Move,"Prime Location, Family"
Aurobindo Kohinoor,Serilingampally,1456,3 BHK,apartment,₹ 2.32 Cr,Ready To Move,
Urbanrise Spring Is In The Air,Ameenpur,1039,5 BHK,,₹ 57.14 L,Ready To Move,
Vasavi Lakecity East,Hafeezpet,2240,3 BHK,,₹ 1.74 Cr,Under Construction,"Prime Location, Gated Society"
Niharika Skyline,Khajaguda,2650,4 BHK,apartment,₹ 2.96 Cr,Ready To Move,"Affordable, Family"
Ramky One Odyssey,Narsingi,2575,3 BHK,apartment,₹ 3 Cr,Under Construction,Family
Sai RR Ankura,Ameenpur,1415,3 BHK,apartment,₹ 77.81 L,Ready To Move,
My Home Tridasa,Tellapur,1505,5 BHK,,₹ 1.45 Cr,Ready To Move,"Gated Society, Safe & Secure Locality, Affordable, Family"
Western Springs,Puppalaguda,3400,3 BHK,,₹ 3.06 Cr,Under Construction,"Affordable, Family"
Myscape Sanctuary,Hafeezpet,1245,2 BHK,apartment,₹ 1.31 Cr,Ready To Move,Prime Location
My Home Bhooja,Hi Tech City,4070,4 BHK,,₹ 8.75 Cr,Ready To Move,"Affordable, Family"
Prestige Beverly Hills,Kokapet,2708,4 BHK,,₹ 3.2 Cr,Under Construction,"Prime Location, Family"
Shivantha Gardenia,Isnapur,895,2 BHK,apartment,₹ 42.5 L,Under Construction,Gated Society
Hallmark Vicinia,Narsingi,1600,3 BHK,,₹ 1.76 Cr,Ready To Move,
Lansum El Dorado,Narsingi,2240,3 BHK,,₹ 1.79 Cr,Under Construction,"Affordable, Family"
Aakriti Miro,Nallagandla,1214,2 BHK,apartment,₹ 84.96 L,Under Construction,
Qualitas Nestilo,Osman Nagar,1090,2 BHK,,₹ 65.4 L,Under Construction,"Affordable, Family"
Hallmark Treasor,Narsingi,2040,3 BHK,,₹ 2.01 Cr,Under Construction,"Prime Location, Family"
Bollineni Bion,Kothaguda,2290,3 BHK,,₹ 2.92 Cr,Ready To Move,"Gated Society, Affordable, Family"
My Home Apas,Kokapet,2765,3 BHK,apartment,₹ 1.79 Cr,Under Construction,"Affordable, Family"
Vasavi Lakecity West,Hafeezpet,1495,5 BHK,,₹ 1.18 Cr,Under Construction,"Prime Location, Gated Society, Family"
Sukhii Sree Sumeru,Uppal,2000,3 BHK,apartment,₹ 1.32 Cr,Ready To Move,Prime Location
Candeur Crescent,Serilingampally,1652,3 BHK,,₹ 1.48 Cr,Under Construction,
NCC Urban Gardenia,Gachibowli,3448,4 BHK,apartment,₹ 5 Cr,Ready To Move,"Prime Location, Affordable, Family"
Prestige Beverly Hills,Kokapet,2124,3 BHK,apartment,₹ 2.35 Cr,Under Construction,
SAS Crown,Kokapet,6565,4 BHK,apartment,₹ 8.53 Cr,Under Construction,"Affordable, Family"
DSR Valar,Kokapet,3242,4 BHK,,₹ 3.24 Cr,Under Construction,"Affordable, Family"
DSR The Classe,Narsingi,3333,4 BHK,,₹ 3.42 Cr,Ready To Move,"Affordable, Family"
Aparna Synergy,Gandi Maisamma,947,3 BHK,apartment,₹ 50.18 L,Under Construction,"Affordable, Family"
Koncept Ambience The Botanika Empress,Gachibowli,2272,3 BHK,apartment,₹ 3.5 Cr,Ready To Move,"Prime Location, Safe & Secure Locality, Affordable, Family"
Bollineni Bion,Kothaguda,2290,3 BHK,apartment,₹ 3.25 Cr,Ready To Move,
Swapnas CK Meadows Yara,Serilingampally,1740,3 BHK,apartment,₹ 1.18 Cr,Ready To Move,"Prime Location, Affordable, Family"
Ambience Courtyard,Manikonda,1340,5 BHK,,₹ 1.3 Cr,Ready To Move,"Prime Location, Family"
Honer Vivantis,Gopanpally,1565,3 BHK,apartment,₹ 1.8 Cr,Ready To Move,Prime Location
My Home Tridasa,Tellapur,1830,3 BHK,,₹ 1.75 Cr,Ready To Move,"Gated Society, Safe & Secure Locality, Affordable, Family"
Canny Forest Edge,Bachupally,1285,2 BHK,apartment,₹ 85 L,Under Construction,"Gated Society, Safe & Secure Locality, Family"
Aditya Empress Towers,Shaikpet,2100,3 BHK,apartment,₹ 1.85 Cr,Ready To Move,"Safe & Secure Locality, Family"
Sri Aditya Athena,Shaikpet,1915,3 BHK,apartment,₹ 1.79 Cr,Ready To Move,"Affordable, Family"
Prestige Beverly Hills,Kokapet,2708,4 BHK,apartment,₹ 3.2 Cr,Under Construction,Family
Muppa Melody,Gachibowli,1010,2 BHK,,,Ready To Move,"Affordable, Family"
Raghuram The Vue Residences,Puppalaguda,3510,4 BHK,apartment,₹ 2.98 Cr,Under Construction,"Affordable, Family"
My Home Avali,Tellapur,3000,3 BHK,apartment,₹ 2.64 Cr,,"Prime Location, Affordable, Family"
Sumadhura The Olympus,Nanakramguda,3000,4 BHK,,₹ 3.6 Cr,Under Construction,"Prime Location, Family"
Lakshmi Cadillac,Kondapur,1303,2 BHK,,₹ 1.27 Cr,Ready To Move,"Affordable, Family"
Raghava Capital,Financial District,0999,455 BHK,,₹ 13.19 Cr,Under Construction,"Affordable, Family"
Northstar SP Palacio,Abids,1716,3 BHK,apartment,₹ 2.40 Cr,Under Construction,
Sri Sai Chaitra Nilayam,Nizampet,1200,2 BHK,apartment,₹ 58 L,Ready To Move,
Vasavi Lakecity East,Hafeezpet,2240,3 BHK,,₹ 1.74 Cr,Under Construction,"Prime Location, Gated Society, Family"
Aditya Imperial Heights,Hafeezpet,1250,2 BHK,,₹ 1.03 Cr,Ready To Move,"Prime Location, Gated Society"
Narapally,Narapally,1243,2 BHK,apartment,₹ 69.59 L,Ready To Move,Affordable
Kompally Towers,Kompally,987,2 BHK,apartment,₹ 60 L,Ready To Move,
Myscape Sanctuary,Hafeezpet,1340,2 BHK,apartment,₹ 1.31 Cr,Ready To Move,Prime Location
Lumbini Elysee,Puppalaguda,2717,3 BHK,apartment,₹ 32.84 L,Under Construction,"Affordable, Family"
Rajapushpa Provincia,Narsingi,1715,3 BHK,,₹ 1.45 Cr,Under Construction,"Affordable, Family"
MPM Shanta Sriram Pinnacle,Ameerpet,1506,3 BHK,apartment,₹ 1.43 Cr,Ready To Move,
Anvita High,Kollur,1356,92 BHK,,₹ 74.58 L,Under Construction,"Gated Society, Family"
Aastha Gardenia,Osman Nagar,1258,2 BHK,,₹ 77.98 L,Under Construction,"Affordable, Family"
Srias Iwa,Nanakramguda,3070,3 BHK,apartment,₹ 2.60 Cr,Under Construction,"Affordable, Family"
Aparna One,Shaikpet,2876,3 BHK,apartment,₹ 4.9 Cr,Ready To Move,
Signature Altius,Kollur,1420,2 BHK,apartment,₹ 78.1 L,Ready To Move,"Affordable, Family"
Vian One,Kollur,1375,802 BHK,apartment,₹ 68.75 L,Under Construction,"Prime Location, Gated Society"
Prestige High Fields,Gachibowli,1492,5 BHK,,₹ 1.89 Cr,Ready To Move,"Affordable, Family"
ASBL Spire,Kokapet,1905,3 BHK,,₹ 1.92 Cr,Ready To Move,"Prime Location, Family"
Prestige Beverly Hills,Kokapet,1796,3 BHK,apartment,₹ 2.05 Cr,Under Construction,"Affordable, Family"
Niharika Skyline,Khajaguda,2580,4 BHK,,₹ 2.88 Cr,Ready To Move,Family
VB City,Bolarum,842,2 BHK,apartment,₹ 62 L,Ready To Move,
Prestige Clairemont,Kokapet,2257,3 BHK,apartment,₹ 2.5 Cr,Under Construction,Family
Aditya Empress Towers,Shaikpet,2385,3 BHK,apartment,₹ 2.04 Cr,Ready To Move,"Prime Location, Gated Society"
Aditya Imperial Heights,Hafeezpet,1250,2 BHK,apartment,₹ 1.01 Cr,Ready To Move,"Prime Location, Gated Society"
Vasavi Atlantis,Narsingi,2605,3 BHK,apartment,₹ 1.66 Cr,Under Construction,Family
K Raheja Corp Quiescent Heights,Madhapur,3170,4 BHK,apartment,₹ 4.12 Cr,Ready To Move,
Vasavi Lakecity West,Hafeezpet,1650,3 BHK,,₹ 1.27 Cr,Under Construction,"Prime Location, Gated Society"
Ramky One Odyssey,Narsingi,1905,3 BHK,apartment,₹ 2.27 Cr,Under Construction,Family
My Home Tarkshya,Kokapet,1957,3 BHK,,₹ 2.4 Cr,Ready To Move,"Prime Location, Gated Society, Safe & Secure Locality"
Sai RR Ankura,Ameenpur,1415,3 BHK,apartment,₹ 75 L,,
Sukhii Sree Sumeru,Uppal,2354,3 BHK,,₹ 1.37 Cr,Ready To Move,Prime Location
A And G Kubera Homes,Hayathnagar,1230,2 BHK,apartment,₹ 65 L,Ready To Move,"Prime Location, Family"
SRI SAIRAM Towers,Hafeezpet,2245,3 BHK,,₹ 3.00 Cr,Ready To Move,"Prime Location, Gated Society, Affordable, Safe & Secure Locality, Family"
Sri Aditya Aditya Enclave,Jubilee Hills,5400,4 BHK,,₹ 7.5 Cr,Ready To Move,"Safe & Secure Locality, Affordable, Family"
Sri Satya Sai Maruthi Heights,Kothapet,1440,3 BHK,apartment,₹ 90 L,Ready To Move,"Gated Society, Affordable"
EIPL Corner Stone,Gandipet,1795,3 BHK,,₹ 1.36 Cr,Ready To Move,
Pacifica Hill Crest,Gachibowli,2635,3 BHK,,₹ 2.4 Cr,Ready To Move,Family
Poulomi Palazzo,Kokapet,6225,4 BHK,apartment,₹ 9.33 Cr,Under Construction,"Affordable, Family"
Vasavi Usharam Integra,Tolichowki,2563,3 BHK,,₹ 2.56 Cr,Ready To Move,"Prime Location, Gated Society"
Bollineni Bion,Kothaguda,1840,3 BHK,apartment,₹ 2.33 Cr,Ready To Move,"Affordable, Family"
Aparna Cyber Heights,Osman Nagar,1357,2 BHK,,₹ 1 Cr,Under Construction,"Prime Location, Safe & Secure Locality"
SPR Homes,Miyapur,1840,3 BHK,apartment,₹ 1.25 Cr,Ready To Move,"Prime Location, Affordable, Family"
Prestige Vaishnaoi Rainbow Waters,Rai Durg,4955,4 BHK,,₹ 5.20 Cr,Under Construction,"Affordable, Family"
Aurobindo Kohinoor,Serilingampally,1296,2 BHK,,₹ 1.8 Cr,Ready To Move,Family
Anvita High,Kollur,1965,93 BHK,,₹ 1.1 Cr,Under Construction,"Prime Location, Family"
Pragathis Raghupathi County,Bachupally,1265,2 BHK,apartment,₹ 85 L,Ready To Move,Gated Society
ASBL Loft,Financial District,1695,3 BHK,,₹ 1.55 Cr,Under Construction,"Affordable, Family"
Northstar Homes District,Gachibowli,1909,13 BHK,apartment,₹ 1.81 Cr,Ready To Move,
Honer Aquantis,Gopanpally,1315,2 BHK,,₹ 1.35 Cr,Ready To Move,Family
My Home Tridasa,Tellapur,1840,3 BHK,,₹ 1.85 Cr,Ready To Move,
Rajapushpa Provincia,Narsingi,1370,2 BHK,apartment,₹ 1.4 Cr,Ready To Move,Family
Sriniketan Apartments,Sainikpuri,2000,3 BHK,,₹ 1.2 Cr,,
Ramky One Orbit,Nallagandla,1620,3 BHK,,₹ 1.66 Cr,Under Construction,"Prime Location, Family"
Shreemukh Rock Levelz,Banjara Hills,3855,4 BHK,apartment,₹ 6 Cr,Ready To Move,
Greenmark Mayfair Apartments,Tellapur,1826,3 BHK,,₹ 1.95 Cr,Ready To Move,"Prime Location, Family"
Rajapushpa Pristinia,Kokapet,3000,3 BHK,,₹ 2.48 Cr,Under Construction,Prime Location
Rajapushpa Provincia,Narsingi,2020,3 BHK,,₹ 2.24 Cr,Ready To Move,"Gated Society, Affordable, Family"
My Home Tridasa,Tellapur,1840,3 BHK,apartment,₹ 1.82 Cr,Ready To Move,Family
Trendset Jayabheri Elevate,Madhapur,1855,3 BHK,,₹ 3.29 Cr,Ready To Move,"Affordable, Family"
Urbanrise Spring Is In The Air,Ameenpur,1039,5 BHK,apartment,₹ 70 L,Under Construction,
Rajapushpa Pristinia,Kokapet,1380,2 BHK,,₹ 1.24 Cr,Under Construction,"Affordable, Family"
Gem Nakshatra,Kokapet,1295,2 BHK,,₹ 1.15 Cr,Ready To Move,"Prime Location, Family"
Sukhii Sree Sumeru,Uppal,2099,3 BHK,apartment,₹ 1.30 Cr,Ready To Move,Prime Location
Rajapushpa Pristinia,Kokapet,3000,3 BHK,,₹ 2.48 Cr,Under Construction,Prime Location
Aparna Cyber Heights,Osman Nagar,1345,2 BHK,,₹ 1 Cr,Under Construction,"Prime Location, Safe & Secure Locality"
EIPL Corner Stone,Gandipet,1610,3 BHK,apartment,₹ 1.20 Cr,Ready To Move,"Prime Location, Affordable, Family"
Aditya Imperial Heights,Hafeezpet,1250,2 BHK,,₹ 1.00 Cr,Ready To Move,"Prime Location, Gated Society"
Aditya Empress Towers,Shaikpet,2385,3 BHK,apartment,₹ 2.05 Cr,Ready To Move,"Prime Location, Gated Society"
Green Gates Sainikpuri,Sainikpuri,1660,3 BHK,,₹ 1 Cr,,
Vasavi Lakecity West,Hafeezpet,1495,5 BHK,apartment,₹ 1.18 Cr,Under Construction,"Gated Society, Prime Location, Gated Society"
SRI SAIRAM Towers,Hafeezpet,2800,5 BHK,,₹ 3 Cr,Ready To Move,"Gated Society, Affordable, Family"
Aparna Cyber Life,Nallagandla,1955,3 BHK,apartment,₹ 2.03 Cr,Ready To Move,"Affordable, Family"
My Home Tridasa,Tellapur,1505,5 BHK,,₹ 1.52 Cr,Ready To Move,"Gated Society, Affordable, Family"
Vision Arsha,Tellapur,1845,3 BHK,apartment,₹ 1.19 Cr,Under Construction,"Gated Society, Prime Location"
EIPL Corner Stone,Gandipet,1795,3 BHK,,₹ 1.8 Cr,Ready To Move,Family
Aditya Empress Park,Shaikpet,2385,3 BHK,,₹ 2.00 Cr,Ready To Move,"Prime Location, Gated Society"
Anvita High,Kollur,2440,93 BHK,apartment,₹ 1.34 Cr,Under Construction,"Gated Society, Prime Location"
Sanvi Kowsalya Manidweepam,Bachupally,1184,2 BHK,apartment,₹ 80.51 L,Ready To Move,"Affordable, Family"
Sumadhura Acropolis Hyderabad,Gachibowli,1795,3 BHK,apartment,₹ 1.9 Cr,Ready To Move,"Prime Location, Safe & Secure Locality, Family"
Rajapushpa Provincia,Narsingi,2020,3 BHK,apartment,₹ 2.5 Cr,Under Construction,Family
NCC Urban One,Narsingi,3380,4 BHK,apartment,₹ 3.4 Cr,Ready To Move,"Safe & Secure Locality, Family"
Saket Kosala,Kapra,944,2 BHK,apartment,₹ 40 L,Ready To Move,"Prime Location, Gated Society, Family"
Anvita High,Kollur,1695,93 BHK,,₹ 1.14 Cr,Under Construction,"Gated Society, Family"
Gayathri Towers,Kothaguda,1800,3 BHK,,₹ 1.45 Cr,Ready To Move,Prime Location
Elegant Nivasa,Kollur,1375,2 BHK,apartment,₹ 98 L,Under Construction,"Prime Location, Affordable, Family"
SVNR The Breeze,Manchirevula,1737,3 BHK,apartment,₹ 1.04 Cr,Ready To Move,"Safe & Secure Locality, Family"
White House Banjara Hills,Banjara Hills,3270,4 BHK,,₹ 5.23 Cr,Ready To Move,"Prime Location, Safe & Secure Locality"
Aliens Space Station,Tellapur,1597,3 BHK,apartment,₹ 1.64 Cr,Ready To Move,
INDIS Viva City,Kondapur,1457,2 BHK,apartment,₹ 1.36 Cr,Ready To Move,"Prime Location, Family"
Prestige Tranquil,Kokapet,1390,5 BHK,apartment,₹ 1.6 Cr,Ready To Move,"Gated Society, Affordable, Family"
Prestige Tranquil,Kokapet,1769,3 BHK,apartment,₹ 1.95 Cr,Ready To Move,Family
My Home Bhooja,Hi Tech City,4070,4 BHK,apartment,₹ 8.5 Cr,Ready To Move,"Prime Location, Family"
Gem Nakshatra,Kokapet,1295,2 BHK,,₹ 98.42 L,Under Construction,"Affordable, Family"
Raghava Capital,Financial District,1099,455 BHK,,,Under Construction,"Affordable, Family"
Honer Aquantis,Gopanpally,1965,3 BHK,apartment,₹ 1.92 Cr,Ready To Move,"Prime Location, Family"
Srigdhas Rising East,Pocharam,1230,2 BHK,,₹ 60 L,Ready To Move,Family
INDIS Viva City,Kondapur,1432,2 BHK,apartment,₹ 1.3 Cr,Ready To Move,"Affordable, Family"
Frontline Seven,Kokapet,1540,3 BHK,,₹ 1.45 Cr,Ready To Move,Gated Society
Vasavi Lakecity West,Hafeezpet,1250,2 BHK,,₹ 97.5 L,Under Construction,"Prime Location, Gated Society, Family"
Sri Aditya Squares Ornate,Patancheru,1798,3 BHK,,₹ 80.00 L,Under Construction,"Gated Society, Affordable, Family"
Anvita High,Kollur,1965,93 BHK,,₹ 1.32 Cr,Under Construction,"Gated Society, Family"
Ramky One Astra,Kokapet,1935,3 BHK,,₹ 1.55 Cr,Under Construction,"Prime Location, Gated Society, Safe & Secure Locality"
Qualitas Serenity Park,Kokapet,1575,3 BHK,apartment,₹ 1.3 Cr,Ready To Move,"Safe & Secure Locality, Family"
Rajapushpa Casa Luxura,Neopolis,5735,4 BHK,,₹ 7.16 Cr,Under Construction,"Affordable, Family"
Honer Aquantis,Gopanpally,1315,2 BHK,apartment,₹ 1.4 Cr,Ready To Move,"Prime Location, Family"
Srigdhas Rising East,Pocharam,1227,2 BHK,,₹ 60 L,Under Construction,"Safe & Secure Locality, Family"
Aliens Space Station,Tellapur,1123,2 BHK,,₹ 1.21 Cr,Ready To Move,
Rajapushpa Provincia,Narsingi,1370,2 BHK,,₹ 1.6 Cr,Under Construction,"Affordable, Family"
My Home Tarkshya,Kokapet,2235,3 BHK,,₹ 1.89 Cr,Ready To Move,"Affordable, Family"
Prestige Clairemont,Kokapet,2870,3 BHK,,₹ 3.15 Cr,Under Construction,"Gated Society, Family"
Candeur Skyline,Financial District,6520,4 BHK,apartment,₹ 8.15 Cr,Under Construction,"Affordable, Family"
Hilltons Hillcrest,Janachaitanya Colony,,4 BHK,apartment,₹ 90 L,Ready To Move,Family
Sumadhura The Olympus,Nanakramguda,1670,3 BHK,,₹ 2.05 Cr,Under Construction,Family
Patancheru,Patancheru,1065,2 BHK,,₹ 72.79 L,Ready To Move,"Prime Location, Family"
Signature Altius,Kollur,1550,3 BHK,,₹ 85.25 L,Under Construction,"Affordable, Family"
Orion Towers Nizampet,Nizampet,1600,3 BHK,apartment,₹ 1.02 Cr,Ready To Move,"Safe & Secure Locality, Affordable, Family"
Svadha Mackennas,Kollur,1625,3 BHK,,₹ 89.37 L,Under Construction,
Aurobindo Kohinoor,Serilingampally,2670,4 BHK,apartment,₹ 5.2 Cr,Ready To Move,"Prime Location, Gated Society, Family"
Giridhari Rajakshetra,Kismatpur,1817,3 BHK,,₹ 1.36 Cr,Ready To Move,"Prime Location, Gated Society"
Poulomi Avante,Kokapet,2130,3 BHK,,₹ 1.81 Cr,Ready To Move,"Prime Location, Family"
Rajapushpa Infina,Manchirevula,3080,3 BHK,,₹ 2.07 Cr,Under Construction,"Gated Society, Safe & Secure Locality, Family"
INDIS Viva City,Kondapur,1367,2 BHK,,₹ 1.16 Cr,Under Construction,"Affordable, Family"
Rajapushpa Provincia,Narsingi,2660,3 BHK,,₹ 2.7 Cr,Under Construction,"Gated Society, Safe & Secure Locality"
Bollineni Bion,Kothaguda,1840,3 BHK,apartment,₹ 2.32 Cr,Ready To Move,"Affordable, Family"
Nirvana Homes Hyderabad,Koheda,1300,3 BHK,apartment,₹ 90 L,Ready To Move,
Sai Avenue Nizampet,Nizampet,1094,2 BHK,apartment,₹ 82 L,Ready To Move,"Gated Society, Affordable, Family"
Rock Hilton Heights,Chanda Nagar,1798,3 BHK,apartment,₹ 1.4 Cr,Under Construction,"Gated Society, Safe & Secure Locality, Family"
Prestige Clairemont,Kokapet,2003,3 BHK,,₹ 2.00 Cr,Under Construction,Family
Aparna Kanopy Tulip,Kompally,1440,3 BHK,apartment,₹ 90 L,Ready To Move,
Avantika The Espino,Chanda Nagar,1300,2 BHK,,₹ 1.02 Cr,Under Construction,"Gated Society, Family"
Vasavi Atlantis,Narsingi,1760,3 BHK,apartment,₹ 1.47 Cr,Under Construction,
Manbhum Around The Grove,Financial District,4400,3 BHK,apartment,₹ 5.15 Cr,Ready To Move,"Safe & Secure Locality, Affordable, Family"
The Prestige City Bellagio,Rajendra Nagar,1179,2 BHK,,₹ 18.67 L,Under Construction,"Affordable, Family"
Erramanzil,Erramanzil,1990,3 BHK,,₹ 1.75 Cr,Ready To Move,Prime Location
My Home Tridasa,Tellapur,1253,2 BHK,apartment,₹ 1.45 Cr,Ready To Move,
Rock Hilton Heights,Chanda Nagar,1798,3 BHK,,₹ 1.4 Cr,Under Construction,"Gated Society, Safe & Secure Locality"
DSR The Classe,Narsingi,3333,4 BHK,apartment,₹ 3.83 Cr,Ready To Move,
SPR Homes,Miyapur,1185,2 BHK,apartment,₹ 80.58 L,Ready To Move,"Prime Location, Affordable, Family"
Shivantha Gardenia,Isnapur,895,2 BHK,apartment,₹ 38.47 L,Ready To Move,"Prime Location, Gated Society, Affordable"
Candeur Lakescape,Kondapur,1321,2 BHK,,₹ 1.13 Cr,Under Construction,
Vision Arsha,Tellapur,1390,2 BHK,,₹ 90.35 L,Under Construction,"Safe & Secure Locality, Family"
Aaditris Empire Apartments,Velmala,1250,2 BHK,,₹ 83 L,Under Construction,"Prime Location, Gated Society"
Kokapet,Kokapet,2350,3 BHK,apartment,₹ 2.87 Cr,Under Construction,Prime Location
ASBL Spire,Kokapet,1905,3 BHK,apartment,₹ 1.80 Cr,Ready To Move,"Affordable, Family"
Rajapushpa Pristinia,Kokapet,4595,4 BHK,,₹ 5.28 Cr,Under Construction,"Affordable, Family"
Hirize Elysia,Kokapet,1590,3 BHK,,₹ 1.11 Cr,Under Construction,"Affordable, Family"
Pragathi Green Woods,Bowrampet,1535,2 BHK,apartment,₹ 1.05 Cr,Under Construction,"Gated Society, Family"
Rajapushpa Imperia,Tellapur,1550,3 BHK,apartment,₹ 1.15 Cr,Under Construction,"Affordable, Prime Location, Affordable, Family"
SNR The Elite,Gopanpally,1725,3 BHK,,₹ 1.12 Cr,Under Construction,"Affordable, Family"
Gem Nakshatra,Kokapet,1810,3 BHK,apartment,₹ 1.85 Cr,Under Construction,"Prime Location, Family"
Giridhari Rajakshetra,Kismatpur,1817,3 BHK,,₹ 1.35 Cr,Ready To Move,"Prime Location, Gated Society"
Candeur,Miyapur,1170,402 BHK,apartment,₹ 1.15 Cr,Ready To Move,"Prime Location, Gated Society, Family"
The Trilight,Kokapet,2888,3 BHK,apartment,₹ 3.24 Cr,Under Construction,"Affordable, Family"
Prestige Tranquil,Kokapet,1390,3 BHK,apartment,₹ 1.63 Cr,Ready To Move,"Affordable, Family"
Rajapushpa Infina,Manchirevula,3080,3 BHK,,₹ 2.15 Cr,Under Construction,"Gated Society, Affordable, Family"
Honer Aquantis,Gopanpally,1315,2 BHK,,₹ 1.23 Cr,Ready To Move,"Prime Location, Family"
Elegant Nivasa,Kollur,1375,2 BHK,,₹ 95 L,Under Construction,Prime Location
EIPL Corner Stone,Gandipet,2350,3 BHK,apartment,₹ 1.99 Cr,Ready To Move,"Prime Location, Affordable, Family"
Rajapushpa Provincia,Narsingi,1370,2 BHK,apartment,₹ 1.42 Cr,Ready To Move,Family
Vasavi Lake City,Hafeezpet,1495,5 BHK,,₹ 1.13 Cr,Under Construction,"Safe & Secure Locality, Gated Society"
Candeur,Miyapur,1215,402 BHK,apartment,₹ 1.16 Cr,Ready To Move,"Affordable, Family"
Vasavi Atlantis,Narsingi,1610,3 BHK,apartment,₹ 1.15 Cr,Under Construction,
Lansum El Dorado,Narsingi,1540,3 BHK,,₹ 1.33 Cr,Under Construction,"Affordable, Family"
RSR The Garden View Apartments,Kollur,1531,5 BHK,,₹ 51 L,Under Construction,"Gated Society, Family"
DSR The Classe,Narsingi,3938,4 BHK,apartment,₹ 4.02 Cr,Ready To Move,"Affordable, Family"
K Raheja Corp Quiescent Heights,Madhapur,2986,4 BHK,apartment,₹ 3.45 Cr,Ready To Move,
Ramky One Astra,Kokapet,1720,3 BHK,,₹ 22.01 L,Under Construction,"Affordable, Family"
Narsingi,Narsingi,1400,3 BHK,apartment,₹ 84 L,Ready To Move,"Prime Location, Family"
Aparna Sarovar Zenith,Nallagandla,1875,3 BHK,apartment,₹ 2.1 Cr,Ready To Move,
Rock Hilton Heights,Chanda Nagar,1798,3 BHK,,₹ 1.35 Cr,Under Construction,"Gated Society, Safe & Secure Locality, Family"
Poulomi Avante,Kokapet,1960,3 BHK,,₹ 1.66 Cr,Ready To Move,"Prime Location, Family"
Urbanrise Spring Is In The Air,Ameenpur,918,2 BHK,apartment,₹ 50.49 L,Under Construction,
NCC Urban One,Narsingi,1535,3 BHK,apartment,₹ 1.6 Cr,Ready To Move,"Safe & Secure Locality, Family"
Haneesh Shritha Ortus,Kukatpally,1270,2 BHK,apartment,₹ 1.1 Cr,Under Construction,"Prime Location, Gated Society, Family"
Lanco Infrastructure Lanco Hills Apartments,Manikonda,1942,3 BHK,apartment,₹ 2.02 Cr,Ready To Move,"Affordable, Family"
SVNR The Breeze,Manchirevula,1431,3 BHK,,₹ 85.84 L,Ready To Move,
The Prestige City Hyderabad,Rajendra Nagar,1631,3 BHK,,₹ 1.22 Cr,Under Construction,"Affordable, Family"
Chilukuri Grand,Nagaram,1100,2 BHK,apartment,₹ 44 L,Ready To Move,"Prime Location, Family"
Bollineni Bion,Kothaguda,1840,3 BHK,apartment,₹ 2.3 Cr,Ready To Move,"Affordable, Family"
Pacifica Hill Crest,Gachibowli,1270,2 BHK,apartment,₹ 1.35 Cr,Ready To Move,"Gated Society, Prime Location, Family"
RSR The Garden View Apartments,Kollur,1833,3 BHK,,₹ 60.48 L,Under Construction,"Affordable, Gated Society, Family"
Prestige Beverly Hills,Kokapet,1796,3 BHK,apartment,₹ 1.70 Cr,Under Construction,"Prime Location, Safe & Secure Locality, Affordable, Family"
Patel Smondo,Gachibowli,990,2 BHK,apartment,₹ 1.05 Cr,Ready To Move,
Mayfair Villas Tellapur,Tellapur,,4 BHK,apartment,₹ 6.6 Cr,Ready To Move,Family
SMR Vinay Iconia Hyderabad,Kondapur,1402,2 BHK,apartment,₹ 1.18 Cr,Ready To Move,"Prime Location, Family"
Vertex Prestige,Hydernagar,1145,2 BHK,apartment,₹ 80 L,Ready To Move,"Prime Location, Gated Society, Safe & Secure Locality"
Swapnas Navya Classic,Bachupally,1620,3 BHK,apartment,₹ 81 L,Under Construction,"Affordable, Family"
DSR The Classe,Narsingi,3333,4 BHK,,₹ 3.96 Cr,Ready To Move,"Affordable, Family"
Vision Arsha,Tellapur,1625,3 BHK,,₹ 1.05 Cr,Under Construction,Gated Society
Raghava Wave,Tellapur,1930,3 BHK,,₹ 1.06 Cr,Under Construction,"Gated Society, Prime Location"
Rajapushpa Provincia,Narsingi,1370,2 BHK,apartment,₹ 1.56 Cr,Under Construction,"Affordable, Family"
Candeur Twins,Miyapur,2060,3 BHK,apartment,₹ 1.9 Cr,Under Construction,"Prime Location, Gated Society, Family"
Sumadhura Palais Royale,Puppalaguda,3800,3 BHK,apartment,₹ 4.5 Cr,Under Construction,"Prime Location, Gated Society, Family"
My Home Avatar,Gachibowli,1834,3 BHK,apartment,₹ 2.45 Cr,Ready To Move,
IRA Aspiration,Kollur,1295,2 BHK,apartment,₹ 1.00 Cr,Under Construction,"Affordable, Family"
Shanmukaa Sankalpa Meadows,Adibatla,1600,3 BHK,apartment,₹ 40 L,Under Construction,
Sri Aditya Athena,Shaikpet,2090,3 BHK,,₹ 1.88 Cr,Under Construction,"Affordable, Family"
Elegant Nivasa,Kollur,1845,3 BHK,,₹ 1.3 Cr,Under Construction,"Affordable, Family"
Prestige High Fields Gachibowli,Gachibowli,1283,2 BHK,,₹ 1.75 Cr,Ready To Move,Family
Khairatabad,Khairatabad,1990,3 BHK,apartment,₹ 1.75 Cr,Ready To Move,"Gated Society, Prime Location"
Honer Signatis,Kukatpally,1695,3 BHK,apartment,₹ 1.30 Cr,Under Construction,"Affordable, Family"
Gem Nakshatra,Kokapet,1290,2 BHK,,₹ 1.18 Cr,Ready To Move,"Prime Location, Family"
Anvita High,Kollur,1885,93 BHK,,₹ 1.26 Cr,Under Construction,"Gated Society, Family"
Garuda Grandeur,Bowrampet,1139,2 BHK,apartment,₹ 65 L,Ready To Move,"Safe & Secure Locality, Affordable"
INDIS PBEL City,Peeranchuruvu,1294,2 BHK,apartment,₹ 1.06 Cr,Ready To Move,
Harsha Sky High,Shaikpet,4080,5 BHK,,₹ 6 Cr,Ready To Move,"Prime Location, Safe & Secure Locality, Family"
Prestige Tranquil,Kokapet,2049,3 BHK,apartment,₹ 2.35 Cr,Ready To Move,"Affordable, Family"
Vasu Sri Pride,Dundigal,1175,2 BHK,,₹ 62 L,Under Construction,"Gated Society, Safe & Secure Locality, Family"
My Home Tridasa,Tellapur,1840,3 BHK,apartment,₹ 1.75 Cr,Ready To Move,"Gated Society, Affordable, Family"
Prestige High Fields,Gachibowli,1283,2 BHK,,₹ 1.65 Cr,Ready To Move,Family
Hyma My Home,Kokapet,9299,994 BHK,apartment,₹ 13.48 Cr,Under Construction,"Affordable, Family"
Canny Forest Edge,Bachupally,1285,2 BHK,apartment,₹ 88 L,Under Construction,"Gated Society, Safe & Secure Locality, Family"
Sukhii Ubuntu,Puppalaguda,2230,5 BHK,apartment,₹ 1.89 Cr,Under Construction,"Affordable, Family"
Aparna One,Shaikpet,2876,3 BHK,,₹ 4.6 Cr,Ready To Move,Gated Society
Velmala,Velmala,1647,3 BHK,,₹ 1.07 Cr,Under Construction,"Prime Location, Gated Society"
Lanco Hills Hanging Gardens Villas,Manikonda,2200,3 BHK,apartment,₹ 2.05 Cr,Ready To Move,"Safe & Secure Locality, Affordable, Family"
Technopolis Solitaire Unity,Hafeezpet,1265,3 BHK,,₹ 1.3 Cr,Ready To Move,Affordable
EIPL Corner Stone,Gandipet,1410,5 BHK,apartment,₹ 1.45 Cr,Ready To Move,Affordable
Prestige Tranquil,Kokapet,1390,5 BHK,,₹ 1.6 Cr,Ready To Move,Prime Location
SAS Diamond Towers,Financial District,2715,3 BHK,,₹ 2.44 Cr,Under Construction,"Affordable, Family"
Sukhii Sree Sumeru,Uppal,1966,3 BHK,,₹ 1.35 Cr,Ready To Move,Prime Location
Honer Aquantis,Gopanpally,1315,2 BHK,apartment,₹ 1.42 Cr,Ready To Move,
Poulomi Avante,Kokapet,1960,3 BHK,apartment,₹ 1.86 Cr,Ready To Move,Affordable
Avantika The Espino,Chanda Nagar,1779,3 BHK,apartment,₹ 1.25 Cr,Under Construction,"Gated Society, Safe & Secure Locality, Family"
My Home Bhooja,Hi Tech City,2680,5 BHK,,,Ready To Move,
Aparna One,Shaikpet,4155,4 BHK,,₹ 7.5 Cr,Ready To Move,"Safe & Secure Locality, Family"
The Valencia,Banjara Hills,3300,3 BHK,,₹ 3.6 Cr,Ready To Move,"Gated Society, Affordable"
Ramky One Odyssey,Narsingi,3020,5 BHK,apartment,₹ 4 Cr,Under Construction,"Safe & Secure Locality, Prime Location"
RSR The Garden View Apartments,Kollur,1810,3 BHK,,₹ 60 L,Under Construction,"Gated Society, Family"
Aparna Zenon,Puppalaguda,1982,3 BHK,apartment,₹ 2.47 Cr,Under Construction,"Affordable, Family"
Veekay The Communittee,Mokila,1565,3 BHK,,₹ 78.23 L,Ready To Move,
Bhavana Enclave Hydernagar,Hydernagar,1100,2 BHK,,₹ 78 L,Ready To Move,"Prime Location, Affordable, Family"
Vasavi GP Trends,Nanakramguda,1820,3 BHK,apartment,₹ 2.50 Cr,,
SVNR The Breeze,Manchirevula,1557,3 BHK,apartment,₹ 93.42 L,Ready To Move,"Prime Location, Gated Society, Affordable, Family"
My Home Apas,Kokapet,2765,3 BHK,,₹ 89.58 L,Under Construction,"Affordable, Family"
Janapriya Nile valley,Madinaguda,980,2 BHK,apartment,₹ 65.35 L,Ready To Move,Prime Location
INDIS Viva City,Kondapur,1433,2 BHK,apartment,₹ 1.28 Cr,Ready To Move,"Prime Location, Family"
Panjagutta,Panjagutta,1990,3 BHK,,₹ 1.75 Cr,Ready To Move,"Affordable, Prime Location"
Aparna Cyber Heights,Osman Nagar,1357,2 BHK,,₹ 93 L,Under Construction,"Safe & Secure Locality, Family"
RDB Coconut Grove,Miyapur,1094,2 BHK,apartment,₹ 82 L,Ready To Move,"Prime Location, Gated Society, Affordable, Family"
Gem Nakshatra,Kokapet,1290,2 BHK,apartment,₹ 98 L,Under Construction,"Prime Location, Family"
GHR Callisto,Kollur,1430,3 BHK,apartment,₹ 25.38 L,Under Construction,"Affordable, Family"
Gem Nakshatra,Kokapet,1640,3 BHK,apartment,₹ 1.24 Cr,Under Construction,
Sukhii Ubuntu,Puppalaguda,1500,5 BHK,apartment,₹ 1.35 Cr,Under Construction,Gated Society
Sri Aditya Squares Ornate,Patancheru,1394,2 BHK,apartment,₹ 62.73 L,Under Construction,"Gated Society, Family"
INDIS Viva City,Kondapur,1457,2 BHK,,₹ 1.39 Cr,Ready To Move,"Prime Location, Family"
Srigdhas Rising East,Pocharam,1223,2 BHK,,₹ 60 L,Under Construction,
Vasavi Atlantis,Narsingi,1250,2 BHK,apartment,₹ 85.97 L,Under Construction,
Prestige Tranquil,Kokapet,894,3 BHK,,₹ 84.93 L,Under Construction,"Affordable, Family"
GE Raghvendra Residency,Kondapur,1510,3 BHK,,₹ 1 Cr,Ready To Move,"Prime Location, Safe & Secure Locality, Family"
DSR The Classe,Narsingi,3939,4 BHK,,₹ 4.3 Cr,Ready To Move,"Prime Location, Family"
Lanco Infrastructure Lanco Hills Apartments,Manikonda,1575,3 BHK,apartment,₹ 1.62 Cr,Ready To Move,"Affordable, Family"
DSR The Classe,Narsingi,3333,4 BHK,apartment,₹ 3.66 Cr,Ready To Move,"Prime Location, Safe & Secure Locality"
Bachupally,Bachupally,1265,2 BHK,,₹ 88.53 L,Ready To Move,Family
Vision Arsha,Tellapur,1390,2 BHK,apartment,₹ 90.35 L,Under Construction,
Aastha Gardenia,Osman Nagar,1471,3 BHK,,₹ 91.18 L,Under Construction,"Affordable, Family"
Pavani Palazzo,Banjara Hills,3168,3 BHK,,₹ 5.8 Cr,Ready To Move,Gated Society
Aparna Cyber Star,Osman Nagar,1839,3 BHK,apartment,₹ 1.17 Cr,Under Construction,"Prime Location, Affordable, Family"
Aparna Zenon,Puppalaguda,1690,3 BHK,,₹ 1.63 Cr,Under Construction,"Affordable, Family"
Aparna Kanopy Tulip,Kompally,1010,2 BHK,apartment,₹ 65 L,Ready To Move,Gated Society
Neknampur,Neknampur,1300,3 BHK,,₹ 65 L,Ready To Move,
SMR Vinay Iconia Hyderabad,Kondapur,1400,2 BHK,apartment,₹ 1.16 Cr,Ready To Move,"Prime Location, Family"
Rajapushpa Provincia,Narsingi,2020,3 BHK,apartment,₹ 2.16 Cr,Under Construction,"Gated Society, Affordable, Family"
Rajapushpa Provincia,Narsingi,2660,3 BHK,,₹ 53.73 L,Under Construction,"Affordable, Family"
Gem Nakshatra,Kokapet,1640,3 BHK,apartment,₹ 1.24 Cr,Under Construction,"Gated Society, Prime Location, Family"
Bachupally,Bachupally,1105,2 BHK,apartment,₹ 79 L,Ready To Move,"Safe & Secure Locality, Affordable, Family"
Sadodita Crystal,Nagaram Secunderabad,1380,3 BHK,,₹ 62 L,Ready To Move,Family
Hastinapuram,Hastinapuram,1206,2 BHK,apartment,₹ 67 L,Ready To Move,"Prime Location, Affordable, Family"
RSR The Garden View Apartments,Kollur,2320,5 BHK,,₹ 77 L,Under Construction,"Gated Society, Family"
Modi Elegance,Kukatpally,1003,2 BHK,,₹ 51.11 L,Ready To Move,
DSR The Classe,Narsingi,3939,4 BHK,apartment,₹ 4.2 Cr,Ready To Move,Family
Candeur,Miyapur,1259,402 BHK,,₹ 1.15 Cr,Ready To Move,"Gated Society, Family"
The Prestige City Hyderabad,Rajendra Nagar,3348,4 BHK,,₹ 2.51 Cr,Under Construction,"Affordable, Family"
Nagaram Secunderabad,Nagaram Secunderabad,1127,2 BHK,,₹ 52 L,Ready To Move,"Prime Location, Family"
Jain Sri Ram Garden,Kompally,1240,2 BHK,apartment,₹ 80.6 L,Under Construction,Gated Society
SMR Vinay Iconia Hyderabad,Kondapur,2367,3 BHK,apartment,₹ 2.25 Cr,Ready To Move,"Prime Location, Family"
Kollur,Kollur,1323,2 BHK,,₹ 76 L,Under Construction,"Gated Society, Affordable, Family"
Trendset Rythme,Kondapur,1990,3 BHK,apartment,₹ 2.2 Cr,Ready To Move,
Gem Nakshatra,Kokapet,1810,3 BHK,,₹ 1.37 Cr,Under Construction,Prime Location
Ideas Shoba Nath,Annojiguda,1504,3 BHK,apartment,₹ 1.15 Cr,Ready To Move,
Aspire Spaces Ameya,Miyapur,1715,3 BHK,apartment,₹ 1.08 Cr,Ready To Move,
Urbanrise Spring Is In The Air,Ameenpur,810,2 BHK,apartment,₹ 44.55 L,Ready To Move,
Vasudeva Bloomfield Arcadia,Hafeezpet,1390,2 BHK,apartment,₹ 70 L,Ready To Move,
My Home Tridasa,Tellapur,1840,3 BHK,apartment,₹ 2.05 Cr,Ready To Move,
Goldenkey Meraki,Miyapur,1135,2 BHK,apartment,₹ 66.95 L,Under Construction,
Urbanrise The World of Joy,Miyapur,1348,2 BHK,,₹ 98.39 L,Ready To Move,
Mantri Celestia,Gachibowli,980,2 BHK,apartment,₹ 90 L,Ready To Move,
Haneesh Shritha Ortus,Kukatpally,1730,3 BHK,apartment,₹ 1.5 Cr,Under Construction,"Prime Location, Gated Society, Family"
Aparna Cyber Shine,Osman Nagar,1824,3 BHK,apartment,₹ 1.09 Cr,Under Construction,"Affordable, Family"
Elegant Nivasa,Kollur,2205,3 BHK,,₹ 1.5 Cr,Under Construction,Family
Ecil,Ecil,1250,2 BHK,apartment,₹ 56 L,Ready To Move,Family
Rajapushpa Infina,Manchirevula,4425,4 BHK,,₹ 3.18 Cr,Under Construction,Prime Location
Kokapet,Kokapet,1555,3 BHK,apartment,₹ 1.32 Cr,Under Construction,"Affordable, Family"
AR Avenue Hyderabad,Sadashivpet,1200,3 BHK,apartment,₹ 80 L,Ready To Move,
Sai Apartment Hyderabad,Attapur,1200,3 BHK,Apartment,₹ 70 L,Ready To Move,
Honer Aquantis,Gopanpally,1610,3 BHK,apartment,₹ 1.20 Cr,Under Construction,"Prime Location, Affordable, Family"
EAPL Sri Tirumala Prestige,Banjara Hills,1950,3 BHK,,₹ 1.75 Cr,Ready To Move,Prime Location
Sai Apartment Hyderabad,Attapur,1200,3 BHK,Apartment,₹ 70 L,Ready To Move,
Kokapet,Kokapet,2200,3 BHK,,₹ 1.65 Cr,Ready To Move,Prime Location
Mahathi Jaswitha Cyber Connect,Kondapur,1580,3 BHK,apartment,₹ 1.18 Cr,Ready To Move,"Prime Location, Affordable, Family"
INDIS Viva City,Kondapur,1955,3 BHK,,₹ 1.66 Cr,,"Affordable, Family"
Endeco TS Heights,Moti Nagar,1830,3 BHK,apartment,₹ 1.6 Cr,Under Construction,"Gated Society, Safe & Secure Locality, Family"
Prestige Tranquil,Kokapet,2049,5 BHK,apartment,₹ 2.3 Cr,Ready To Move,Prime Location
Aparna Zenon,Puppalaguda,1326,2 BHK,apartment,₹ 1.39 Cr,Under Construction,Gated Society
Lake Residency,Somajiguda,1640,3 BHK,apartment,₹ 1.1 Cr,Ready To Move,"Prime Location, Safe & Secure Locality, Affordable, Family"
Urbanrise The World of Joy,Miyapur,1348,2 BHK,apartment,₹ 1.2 Cr,Under Construction,"Gated Society, Safe & Secure Locality, Affordable, Family"
Nirvana Homes Hyderabad,Koheda,1100,3 BHK,apartment,₹ 80 L,Ready To Move,
